Sex,Age Group,Text,
Male,<15,"Male <15 Lorem ipsum dolor sit amet, <em>consectetur</em> adipiscing elit, sed do eiusmod tempor incididunt ut labore et dolore magna aliqua. Ut enim ad minim veniam, quis nostrud exercitation ullamco laboris nisi ut aliquip ex ea commodo consequat. Duis aute irure dolor in reprehenderit in voluptate velit esse cillum dolore eu fugiat nulla pariatur. Excepteur sint occaecat cupidatat non proident, sunt in culpa qui officia deserunt mollit anim id est laborum. <a href=""https://www.cdc.gov/wcms/4.0/cdc-wp/index.html"">Link Text</a> <sub>Sub Text</sub> END","Male <15 Lorem ipsum dolor sit amet, <em>consectetur</em> adipiscing elit, sed do eiusmod tempor incididunt ut labore et dolore magna aliqua. Ut enim ad minim veniam, quis nostrud exercitation ullamco laboris nisi ut aliquip ex ea commodo consequat. Duis aute irure dolor in reprehenderit in voluptate velit esse cillum dolore eu fugiat nulla pariatur. Excepteur sint occaecat cupidatat non proident, sunt in culpa qui officia deserunt mollit anim id est laborum. <a href=""https://www.cdc.gov/wcms/4.0/cdc-wp/index.html"">Link Text</a> <sub>Sub Text</sub> END"
Male,15-24,"Male 15-24 Lorem ipsum dolor sit amet, <em>consectetur adipiscing elit</em>, sed do eiusmod tempor incididunt ut labore et dolore magna aliqua.<sup>14</sup> END","Male 15-24 Lorem ipsum dolor sit amet, <em>consectetur adipiscing elit</em>, sed do eiusmod tempor incididunt ut labore et dolore magna aliqua.<sup>14</sup> END"
Male,25-34,"Male 25-34 Lorem ipsum dolor sit amet, <em>consectetur</em> adipiscing elit, sed do eiusmod tempor incididunt ut labore et dolore magna aliqua. Ut enim ad minim veniam, quis nostrud exercitation ullamco laboris nisi ut aliquip ex ea commodo consequat. Duis aute irure dolor in reprehenderit in voluptate velit esse cillum dolore eu fugiat nulla pariatur. Excepteur sint occaecat cupidatat non proident, sunt in culpa qui officia deserunt mollit anim id est laborum. <a href=""https://www.cdc.gov/wcms/4.0/cdc-wp/index.html"">Link Text</a>END","Male 25-34 Lorem ipsum dolor sit amet, <em>consectetur</em> adipiscing elit, sed do eiusmod tempor incididunt ut labore et dolore magna aliqua. Ut enim ad minim veniam, quis nostrud exercitation ullamco laboris nisi ut aliquip ex ea commodo consequat. Duis aute irure dolor in reprehenderit in voluptate velit esse cillum dolore eu fugiat nulla pariatur. Excepteur sint occaecat cupidatat non proident, sunt in culpa qui officia deserunt mollit anim id est laborum. <a href=""https://www.cdc.gov/wcms/4.0/cdc-wp/index.html"">Link Text</a>END"
Male,35-44,"Male 35-44 Lorem ipsum dolor sit amet, consectetur adipiscing elit, sed do eiusmod tempor incididunt ut labore et dolore magna aliqua. Ut enim ad minim veniam, quis nostrud exercitation ullamco laboris nisi ut aliquip ex ea commodo consequat. Duis aute irure dolor in reprehenderit in voluptate velit esse cillum dolore eu fugiat nulla pariatur. Excepteur sint occaecat cupidatat non proident, sunt in culpa qui officia deserunt mollit anim id est laborum.","Male 35-44 Lorem ipsum dolor sit amet, consectetur adipiscing elit, sed do eiusmod tempor incididunt ut labore et dolore magna aliqua. Ut enim ad minim veniam, quis nostrud exercitation ullamco laboris nisi ut aliquip ex ea commodo consequat. Duis aute irure dolor in reprehenderit in voluptate velit esse cillum dolore eu fugiat nulla pariatur. Excepteur sint occaecat cupidatat non proident, sunt in culpa qui officia deserunt mollit anim id est laborum."
Male,45-54,"Male 45-54 Lorem ipsum dolor sit amet, consectetur adipiscing elit, sed do eiusmod tempor incididunt ut labore et dolore magna aliqua. Ut enim ad minim veniam, quis nostrud exercitation ullamco laboris nisi ut aliquip ex ea commodo consequat. Duis aute irure dolor in reprehenderit in voluptate velit esse cillum dolore eu fugiat nulla pariatur. Excepteur sint occaecat cupidatat non proident, sunt in culpa qui officia deserunt mollit anim id est laborum.","Male 45-54 Lorem ipsum dolor sit amet, consectetur adipiscing elit, sed do eiusmod tempor incididunt ut labore et dolore magna aliqua. Ut enim ad minim veniam, quis nostrud exercitation ullamco laboris nisi ut aliquip ex ea commodo consequat. Duis aute irure dolor in reprehenderit in voluptate velit esse cillum dolore eu fugiat nulla pariatur. Excepteur sint occaecat cupidatat non proident, sunt in culpa qui officia deserunt mollit anim id est laborum."
Male,55-64,"Male 55-64 Lorem ipsum dolor sit amet, consectetur adipiscing elit, sed do eiusmod tempor incididunt ut labore et dolore magna aliqua. Ut enim ad minim veniam, quis nostrud exercitation ullamco laboris nisi ut aliquip ex ea commodo consequat. ","Male 55-64 Lorem ipsum dolor sit amet, consectetur adipiscing elit, sed do eiusmod tempor incididunt ut labore et dolore magna aliqua. Ut enim ad minim veniam, quis nostrud exercitation ullamco laboris nisi ut aliquip ex ea commodo consequat. "
Male,65+,"Male 65+  Lorem ipsum dolor sit amet, <em>consectetur</em> adipiscing elit, sed do eiusmod tempor incididunt ut labore et dolore magna aliqua. Ut enim ad minim veniam, quis nostrud exercitation ullamco laboris nisi ut aliquip ex ea commodo consequat. Duis aute irure dolor in reprehenderit in voluptate velit esse cillum dolore eu fugiat nulla pariatur. Excepteur sint occaecat cupidatat non proident, sunt in culpa qui officia deserunt mollit anim id est laborum. <a href=""https://www.cdc.gov/wcms/4.0/cdc-wp/index.html"">Link Text</a> <sub>Sub Text</sub> END","Male 65+  Lorem ipsum dolor sit amet, <em>consectetur</em> adipiscing elit, sed do eiusmod tempor incididunt ut labore et dolore magna aliqua. Ut enim ad minim veniam, quis nostrud exercitation ullamco laboris nisi ut aliquip ex ea commodo consequat. Duis aute irure dolor in reprehenderit in voluptate velit esse cillum dolore eu fugiat nulla pariatur. Excepteur sint occaecat cupidatat non proident, sunt in culpa qui officia deserunt mollit anim id est laborum. <a href=""https://www.cdc.gov/wcms/4.0/cdc-wp/index.html"">Link Text</a> <sub>Sub Text</sub> END"
Female,<15,"Female <15  Lorem ipsum dolor sit amet, <em>consectetur</em> adipiscing elit, sed do eiusmod tempor incididunt ut labore et dolore magna aliqua. Ut enim ad minim veniam, quis nostrud exercitation ullamco laboris nisi ut aliquip ex ea commodo consequat. Duis aute irure dolor in reprehenderit in voluptate velit esse cillum dolore eu fugiat nulla pariatur. Excepteur sint occaecat cupidatat non proident, sunt in culpa qui officia deserunt mollit anim id est laborum. <a href=""https://www.cdc.gov/wcms/4.0/cdc-wp/index.html"">Link Text</a> <sub>Sub Text</sub> END","Female <15  Lorem ipsum dolor sit amet, <em>consectetur</em> adipiscing elit, sed do eiusmod tempor incididunt ut labore et dolore magna aliqua. Ut enim ad minim veniam, quis nostrud exercitation ullamco laboris nisi ut aliquip ex ea commodo consequat. Duis aute irure dolor in reprehenderit in voluptate velit esse cillum dolore eu fugiat nulla pariatur. Excepteur sint occaecat cupidatat non proident, sunt in culpa qui officia deserunt mollit anim id est laborum. <a href=""https://www.cdc.gov/wcms/4.0/cdc-wp/index.html"">Link Text</a> <sub>Sub Text</sub> END"
Female,15-24,"Female 15-24 Lorem ipsum dolor sit amet, <em>consectetur</em> adipiscing elit, sed do eiusmod tempor incididunt ut labore et dolore magna aliqua. Ut enim ad minim veniam, quis nostrud exercitation ullamco laboris nisi ut aliquip ex ea commodo consequat. Duis aute irure dolor in reprehenderit in voluptate velit esse cillum dolore eu fugiat nulla pariatur. Excepteur sint occaecat cupidatat non proident, sunt in culpa qui officia deserunt mollit anim id est laborum. <a href=""https://www.cdc.gov/wcms/4.0/cdc-wp/index.html"">Link Text</a>END","Female 15-24 Lorem ipsum dolor sit amet, <em>consectetur</em> adipiscing elit, sed do eiusmod tempor incididunt ut labore et dolore magna aliqua. Ut enim ad minim veniam, quis nostrud exercitation ullamco laboris nisi ut aliquip ex ea commodo consequat. Duis aute irure dolor in reprehenderit in voluptate velit esse cillum dolore eu fugiat nulla pariatur. Excepteur sint occaecat cupidatat non proident, sunt in culpa qui officia deserunt mollit anim id est laborum. <a href=""https://www.cdc.gov/wcms/4.0/cdc-wp/index.html"">Link Text</a>END"
Female,25-34,"Female 25-34 Lorem ipsum dolor sit amet, consectetur adipiscing elit, sed do eiusmod tempor incididunt ut labore et dolore magna aliqua.","Female 25-34 Lorem ipsum dolor sit amet, consectetur adipiscing elit, sed do eiusmod tempor incididunt ut labore et dolore magna aliqua."
Female,35-44,"Female 35-44 Lorem ipsum dolor sit amet, consectetur adipiscing elit, sed do eiusmod tempor incididunt ut labore et dolore magna aliqua. Ut enim ad minim veniam, quis nostrud exercitation ullamco laboris nisi ut aliquip ex ea commodo consequat. ","Female 35-44 Lorem ipsum dolor sit amet, consectetur adipiscing elit, sed do eiusmod tempor incididunt ut labore et dolore magna aliqua. Ut enim ad minim veniam, quis nostrud exercitation ullamco laboris nisi ut aliquip ex ea commodo consequat. "
Female,45-54,"Female 45-54 Lorem ipsum dolor sit amet, <em>consectetur adipiscing elit</em>, sed do eiusmod tempor incididunt ut labore et dolore magna aliqua.<sup>14</sup> END","Female 45-54 Lorem ipsum dolor sit amet, <em>consectetur adipiscing elit</em>, sed do eiusmod tempor incididunt ut labore et dolore magna aliqua.<sup>14</sup> END"
Female,55-64,"Female 55-64  Lorem ipsum dolor sit amet, <em>consectetur</em> adipiscing elit, sed do eiusmod tempor incididunt ut labore et dolore magna aliqua. Ut enim ad minim veniam, quis nostrud exercitation ullamco laboris nisi ut aliquip ex ea commodo consequat. Duis aute irure dolor in reprehenderit in voluptate velit esse cillum dolore eu fugiat nulla pariatur. Excepteur sint occaecat cupidatat non proident, sunt in culpa qui officia deserunt mollit anim id est laborum. <a href=""https://www.cdc.gov/wcms/4.0/cdc-wp/index.html"">Link Text</a> <sub>Sub Text</sub> END","Female 55-64  Lorem ipsum dolor sit amet, <em>consectetur</em> adipiscing elit, sed do eiusmod tempor incididunt ut labore et dolore magna aliqua. Ut enim ad minim veniam, quis nostrud exercitation ullamco laboris nisi ut aliquip ex ea commodo consequat. Duis aute irure dolor in reprehenderit in voluptate velit esse cillum dolore eu fugiat nulla pariatur. Excepteur sint occaecat cupidatat non proident, sunt in culpa qui officia deserunt mollit anim id est laborum. <a href=""https://www.cdc.gov/wcms/4.0/cdc-wp/index.html"">Link Text</a> <sub>Sub Text</sub> END"
Female,65+,"Female 65+  Lorem ipsum dolor sit amet, <em>consectetur</em> adipiscing elit, sed do eiusmod tempor incididunt ut labore et dolore magna aliqua. Ut enim ad minim veniam, quis nostrud exercitation ullamco laboris nisi ut aliquip ex ea commodo consequat. Duis aute irure dolor in reprehenderit in voluptate velit esse cillum dolore eu fugiat nulla pariatur. Excepteur sint occaecat cupidatat non proident, sunt in culpa qui officia deserunt mollit anim id est laborum. <a href=""https://www.cdc.gov/wcms/4.0/cdc-wp/index.html"">Link Text</a> <sub>Sub Text</sub> END","Female 65+  Lorem ipsum dolor sit amet, <em>consectetur</em> adipiscing elit, sed do eiusmod tempor incididunt ut labore et dolore magna aliqua. Ut enim ad minim veniam, quis nostrud exercitation ullamco laboris nisi ut aliquip ex ea commodo consequat. Duis aute irure dolor in reprehenderit in voluptate velit esse cillum dolore eu fugiat nulla pariatur. Excepteur sint occaecat cupidatat non proident, sunt in culpa qui officia deserunt mollit anim id est laborum. <a href=""https://www.cdc.gov/wcms/4.0/cdc-wp/index.html"">Link Text</a> <sub>Sub Text</sub> END"
